Site,distance,SiteName,S1_593993909_G,S1_593993909_N,S1_308056105_T,S1_308056105_N,S1_308117620_A,S1_308117620_N,S1_200011937_G,S1_200011937_N,S1_200030362_G,S1_200030362_N,S1_200030392_G,S1_200030392_N,S1_360310864_A,S1_360310864_N,S1_378861502_C,S1_378861502_N,S1_378885504_C,S1_378885504_N,S1_378927984_C,S1_378927984_N,S1_379048952_G,S1_379048952_N,S1_1001972416_C,S1_1001972416_N,S1_15585748_C,S1_15585748_N,S1_15586630_C,S1_15586630_N,S1_219827999_G,S1_219827999_N,S1_219862918_T,S1_219862918_N,S1_219862925_C,S1_219862925_N,S1_219863010_G,S1_219863010_N,S1_219863019_T,S1_219863019_N,S1_219863059_G,S1_219863059_N,S1_219863081_C,S1_219863081_N,S1_219863089_G,S1_219863089_N,S1_219863121_C,S1_219863121_N,S1_219863124_T,S1_219863124_N,S1_709471828_C,S1_709471828_N,S1_709471832_T,S1_709471832_N,S1_500438201_G,S1_500438201_N,S1_500440953_T,S1_500440953_N,S1_500440954_C,S1_500440954_N,S1_500440986_C,S1_500440986_N,S1_500458867_A,S1_500458867_N,S1_500458877_G,S1_500458877_N,S1_500477580_G,S1_500477580_N,S1_1002907772_A,S1_1002907772_N,S1_178131011_C,S1_178131011_N,S1_239440237_T,S1_239440237_N,S1_239451071_A,S1_239451071_N,S1_484964082_T,S1_484964082_N,S1_938036466_G,S1_938036466_N,S1_272303766_C,S1_272303766_N,S1_272320592_C,S1_272320592_N,S1_442143779_G,S1_442143779_N,S1_442184589_A,S1_442184589_N,S1_442184604_A,S1_442184604_N,S1_442207270_G,S1_442207270_N,S1_442255483_G,S1_442255483_N,S1_442255566_G,S1_442255566_N,S1_442255568_A,S1_442255568_N,S1_442255583_T,S1_442255583_N,S1_442270424_A,S1_442270424_N,S1_744502908_G,S1_744502908_N,S1_825984260_A,S1_825984260_N,S1_825987966_G,S1_825987966_N,S1_825987969_T,S1_825987969_N,S1_825997510_T,S1_825997510_N,S1_825997532_C,S1_825997532_N,S1_825997542_C,S1_825997542_N,S1_825997612_G,S1_825997612_N,S1_825997691_A,S1_825997691_N,S1_825997696_A,S1_825997696_N,S1_825997728_T,S1_825997728_N,S1_825997745_A,S1_825997745_N,S1_825997752_C,S1_825997752_N,S1_825997779_T,S1_825997779_N,S1_825998212_G,S1_825998212_N,S1_825998215_G,S1_825998215_N,S1_825998216_T,S1_825998216_N,S1_825998237_G,S1_825998237_N,S1_26838967_C,S1_26838967_N
A,0,Palo Verde,0,22,1,22,0.863636364,22,0.888888889,18,0.055555556,18,0.055555556,18,0,20,0,22,0,22,0,22,0,20,0.136363636,22,0,22,0,20,0,22,0,18,0,18,0,20,0,20,0,20,0,22,0,22,0,22,0,22,0.136363636,22,0.136363636,22,0,16,0,20,0,20,0,22,0,22,0,22,0.045454545,22,0,22,0,20,0,22,0,22,0,22,0,22,0.227272727,22,0,22,0,22,0,22,0,22,0,22,0.85,20,0,22,0,22,0,22,0,22,0,22,0.6,20,0.590909091,22,0.590909091,22,0.181818182,22,0,22,0,22,0,22,0,20,0,20,0,20,0,18,0,18,0,18,0,22,0,22,0,22,0,22,0,22
B,298.1482087,La Gamba,0,16,0.9375,16,0.5625,16,0.785714286,14,0.214285714,14,0.214285714,14,0,14,0,16,0,16,0,16,0,16,0.142857143,14,0,10,0,14,0,14,0,16,0,16,0,16,0,16,0,16,0,16,0,16,0,16,0,16,0,16,0,16,0.0625,16,0,16,0,16,0.0625,16,0.0625,16,0.0625,16,0.1875,16,0,16,0.125,16,0,14,0,14,0,16,0,16,0.285714286,14,0,16,0,16,0,16,0,16,0,16,1,14,0,14,0,14,0,14,0,16,0,16,0.5625,16,0.4375,16,0.4375,16,0.0625,16,0,16,0,16,0,16,0,16,0,16,0,16,0,14,0,14,0,14,0,16,0,16,0,16,0,16,0,16
C,307.3896796,Changuinola,0,4,1,4,0.75,4,1,4,0,2,0,2,0,4,0,4,0,4,0,4,0,4,0.25,4,0,4,0,4,0,4,0,4,0,4,0,2,0,2,0,2,0,4,0,4,0,4,0,4,0.25,4,0.25,4,0,2,0,4,0,4,0,4,0,4,0,4,0.25,4,0,4,0,4,0,4,0,4,0,4,0,4,0,4,0,4,0,4,0,4,0,4,0,4,0.5,4,0,4,0,4,0,4,0,4,0,4,1,4,0.5,4,0.5,4,0.5,4,0,4,0,4,0,4,0,4,0,4,0,4,0,4,0,4,0,4,0,4,0,4,0,4,0,4,0,4
D,324.7492213,Coto 47,0,20,1,20,0.555555556,18,0.888888889,18,0,18,0,18,0,18,0,20,0,20,0,20,0,20,0.5,14,0,14,0,20,0,16,0,20,0,20,0,16,0,16,0,16,0,20,0,20,0,20,0,20,0.05,20,0.05,20,0,20,0,18,0,18,0.05,20,0.1,20,0.1,20,0.15,20,0,20,0.1875,16,0,20,0,16,0,20,0,20,0.333333333,18,0.05,20,0.05,20,0,20,0,20,0,16,0.7,20,0.071428571,14,0.071428571,14,0.071428571,14,0.1,20,0,20,0.722222222,18,0.15,20,0.15,20,0.15,20,0,20,0,20,0,20,0,20,0,20,0,20,0,20,0,20,0,20,0,20,0,20,0,20,0,20,0,20
E,378.4980533,Playa Barqueta,0,20,1,20,0.6875,16,0.583333333,12,0.055555556,18,0.055555556,18,0,20,0,20,0,20,0,20,0,18,0,18,0,20,0,18,0,20,0,20,0,20,0,20,0,20,0,20,0,20,0,20,0,20,0,20,0.1,20,0.1,20,0,20,0.1,20,0.1,20,0.05,20,0.1,20,0.1,20,0.2,20,0,20,0.055555556,18,0,20,0,18,0,20,0,20,0.2,20,0.05,20,0.15,20,0.1,20,0.1,20,0.15,20,0.5,20,0.15,20,0.15,20,0.15,20,0.25,20,0,20,0.45,20,0.25,20,0.25,20,0.1,20,0,18,0,18,0,20,0,20,0,20,0,20,0,18,0,18,0,18,0,20,0,20,0,20,0,20,0,18
F,379.6708047,Orillas del Rio,0,46,0.97826087,46,0.666666667,42,0.933333333,30,0.125,40,0.125,40,0,38,0.02173913,46,0.02173913,46,0.02173913,46,0.02173913,46,0.09375,32,0.029411765,34,0.022727273,44,0,46,0,44,0,44,0.023809524,42,0.023809524,42,0.023809524,42,0.02173913,46,0.02173913,46,0.02173913,46,0.02173913,46,0.065217391,46,0.065217391,46,0.125,40,0.022727273,44,0.022727273,44,0.136363636,44,0.068181818,44,0.068181818,44,0.195652174,46,0.02173913,46,0.113636364,44,0,44,0,42,0,46,0.02173913,46,0.181818182,44,0.086956522,46,0.1,40,0.086956522,46,0.086956522,46,0.045454545,44,0.613636364,44,0.045454545,44,0.045454545,44,0.045454545,44,0.068181818,44,0.086956522,46,0.695652174,46,0.391304348,46,0.391304348,46,0.130434783,46,0,44,0,44,0,46,0.022727273,44,0.022727273,44,0,44,0,42,0,42,0,42,0,46,0,46,0,46,0,46,0,44
G,416.2298787,Horconcitos/Playa Hermosa,0,14,1,14,0.857142857,14,0.642857143,14,0.214285714,14,0.214285714,14,0,14,0,14,0,14,0,14,0,14,0.166666667,12,0,14,0,14,0,14,0,12,0,12,0,12,0,12,0,12,0,12,0,12,0,12,0,12,0,14,0,14,0.142857143,14,0,14,0,14,0.071428571,14,0.071428571,14,0.071428571,14,0.071428571,14,0,14,0,14,0,14,0,14,0,14,0,14,0.071428571,14,0.071428571,14,0.071428571,14,0,14,0,14,0.071428571,14,0.857142857,14,0.166666667,12,0.166666667,12,0.166666667,12,0.071428571,14,0,14,0.928571429,14,0.357142857,14,0.357142857,14,0.285714286,14,0,14,0,14,0,14,0,14,0,14,0,14,0,14,0,14,0,14,0,14,0,14,0,14,0,14,0,14
I,450.9488727,Las Lajas,0.052631579,38,0.921052632,38,0.611111111,36,0.875,24,0.142857143,28,0.142857143,28,0.03125,32,0.026315789,38,0.078947368,38,0.078947368,38,0.055555556,36,0.233333333,30,0,32,0,34,0,34,0,32,0,32,0,32,0,32,0,32,0,38,0,38,0,38,0,38,0.105263158,38,0.105263158,38,0.25,32,0.078947368,38,0.078947368,38,0.323529412,34,0.138888889,36,0.138888889,36,0.236842105,38,0.052631579,38,0.078947368,38,0.111111111,36,0.111111111,36,0.078947368,38,0.078947368,38,0.105263158,38,0.078947368,38,0.178571429,28,0.105263158,38,0.105263158,38,0.052631579,38,0.71875,32,0.111111111,36,0.111111111,36,0.111111111,36,0.083333333,36,0.105263158,38,0.868421053,38,0.222222222,36,0.222222222,36,0.078947368,38,0.052631579,38,0.052631579,38,0,38,0.026315789,38,0.026315789,38,0.026315789,38,0.027777778,36,0.055555556,36,0.027777778,36,0.052631579,38,0.052631579,38,0.052631579,38,0.026315789,38,0.027777778,36
J,451.6342515,Remedios,0.017857143,56,0.964285714,56,0.68,50,0.875,40,0.041666667,48,0.041666667,48,0.055555556,54,0,54,0.017857143,56,0.035714286,56,0.017857143,56,0.166666667,48,0,48,0,56,0.017857143,56,0,52,0,52,0,54,0,54,0,54,0,52,0,52,0,52,0,52,0.053571429,56,0.017857143,56,0.1,50,0.06,50,0.06,50,0.166666667,54,0.12962963,54,0.12962963,54,0.125,56,0.053571429,56,0.107142857,56,0.035714286,56,0,50,0.037037037,54,0.053571429,56,0.178571429,56,0.053571429,56,0.037037037,54,0.035714286,56,0.035714286,56,0,52,0.625,56,0.057692308,52,0.057692308,52,0.057692308,52,0.037037037,54,0.053571429,56,0.788461538,52,0.232142857,56,0.214285714,56,0.230769231,52,0.038461538,52,0.038461538,52,0,54,0.017857143,56,0.017857143,56,0,56,0,46,0.043478261,46,0,46,0.035714286,56,0.035714286,56,0.035714286,56,0.017857143,56,0.055555556,54
K,479.3227545,Rio Tabasara Delta,0.181818182,22,0.681818182,22,0.666666667,18,0.444444444,18,0.277777778,18,0.222222222,18,0.227272727,22,0.136363636,22,0.272727273,22,0.318181818,22,0.05,20,0.416666667,12,0.3125,16,0.05,20,0.25,16,0,16,0,16,0.090909091,22,0.090909091,22,0.090909091,22,0.136363636,22,0.136363636,22,0.136363636,22,0.136363636,22,0.318181818,22,0.318181818,22,0.272727273,22,0.136363636,22,0.136363636,22,0.272727273,22,0.25,20,0.25,20,0.318181818,22,0.272727273,22,0.35,20,0.227272727,22,0.166666667,18,0.272727273,22,0.272727273,22,0.4,20,0.227272727,22,0.136363636,22,0.136363636,22,0.136363636,22,0.15,20,0.55,20,0.227272727,22,0.227272727,22,0.227272727,22,0.227272727,22,0.272727273,22,0.636363636,22,0.409090909,22,0.409090909,22,0.222222222,18,0.277777778,18,0.277777778,18,0,18,0.227272727,22,0.227272727,22,0.136363636,22,0.15,20,0.15,20,0.15,20,0.181818182,22,0.181818182,22,0.181818182,22,0.181818182,22,0.055555556,18
L,481.7380933,Puerto Vidal,0.166666667,42,0.5,42,0.388888889,36,0.5,34,0.441176471,34,0.411764706,34,0.25,40,0.238095238,42,0.404761905,42,0.547619048,42,0.388888889,36,0.416666667,36,0.375,32,0.3,40,0.263157895,38,0.315789474,38,0.315789474,38,0.285714286,42,0.285714286,42,0.285714286,42,0.30952381,42,0.30952381,42,0.30952381,42,0.30952381,42,0.428571429,42,0.404761905,42,0.425,40,0.264705882,34,0.264705882,34,0.575,40,0.452380952,42,0.452380952,42,0.428571429,42,0.404761905,42,0.285714286,42,0.452380952,42,0.138888889,36,0.476190476,42,0.30952381,42,0.380952381,42,0.476190476,42,0.325,40,0.30952381,42,0.214285714,42,0.147058824,34,0.325,40,0.2,40,0.2,40,0.2,40,0.4,40,0.404761905,42,0.5,42,0.404761905,42,0.380952381,42,0.375,40,0.263157895,38,0.289473684,38,0.119047619,42,0.166666667,42,0.166666667,42,0.119047619,42,0.264705882,34,0.294117647,34,0.264705882,34,0.261904762,42,0.261904762,42,0.261904762,42,0.238095238,42,0.289473684,38
M,489.750189,Jorones,0,2,0.5,2,0,2,1,2,NA,0,NA,0,0,2,0,2,0,2,NA,0,0,2,NA,0,NA,0,NA,0,NA,0,0,2,0,2,0,2,0,2,0,2,0,2,0,2,0,2,0,2,0,2,0,2,NA,0,0,2,0,2,0,2,0,2,0,2,0,2,0,2,1,2,0,2,0,2,0,2,0,2,0,2,0,2,NA,0,0,2,0,2,NA,0,1,2,NA,0,NA,0,NA,0,0,2,0,2,1,2,0.5,2,0.5,2,0.5,2,0,2,0,2,0,2,0,2,0,2,0,2,NA,0,NA,0,NA,0,0,2,0,2,0,2,0,2,0,2
N,504.4242313,El Espino (Sona),0.5,2,0,2,0,2,0,2,0.5,2,0.5,2,0.5,2,0.5,2,0.5,2,1,2,1,2,1,2,NA,0,0,2,0.5,2,NA,0,NA,0,NA,0,NA,0,NA,0,0.5,2,0.5,2,0.5,2,0.5,2,1,2,1,2,1,2,0.5,2,0.5,2,1,2,1,2,1,2,1,2,1,2,1,2,1,2,0.5,2,1,2,1,2,1,2,1,2,1,2,1,2,1,2,1,2,0,2,0.5,2,0.5,2,0.5,2,0.5,2,1,2,0,2,1,2,1,2,1,2,1,2,1,2,1,2,1,2,1,2,1,2,1,2,1,2,1,2,1,2,1,2,1,2,1,2,0.5,2
O,510.5908449,Sona,0.5,4,0.25,4,0.5,4,0.25,4,0,2,1,2,0.25,4,0.75,4,0.5,4,0.75,4,0.25,4,0,4,0,4,0,4,0.5,4,0.75,4,0.75,4,0,2,0,2,0,2,0.5,4,0.5,4,0.5,4,0.5,4,0.5,4,0.5,4,0.5,4,0.25,4,0.25,4,0.5,2,0.25,4,0.25,4,0.75,4,0.75,4,0.5,4,0.75,4,0,2,0.75,4,0.75,4,0.5,4,0.75,4,0.75,4,0.75,4,0.75,4,1,4,0,4,1,4,1,4,1,4,0.5,4,0.5,4,0.5,2,0,4,0,4,0.75,4,0.5,4,0.5,4,0,2,0.75,4,0.75,4,0.25,4,1,2,1,2,1,2,0.25,4,0.25,4,0.25,4,0.25,4,0.25,4
P,516.954848,Tolica,0.5,2,0,2,0,2,0,2,NA,0,NA,0,0,2,0.5,2,1,2,1,2,0,2,1,2,1,2,0.5,2,0.5,2,0,2,0,2,0,2,0,2,0,2,0,2,0,2,0,2,0,2,1,2,1,2,0.5,2,0,2,0,2,0.5,2,1,2,1,2,0.5,2,0.5,2,0.5,2,0,2,0,2,1,2,0,2,0,2,0.5,2,1,2,0.5,2,0.5,2,NA,0,0,2,0,2,0,2,0,2,1,2,1,2,0,2,0.5,2,0.5,2,0.5,2,0.5,2,0.5,2,0.5,2,0.5,2,0.5,2,0.5,2,0.5,2,0.5,2,0.5,2,0.5,2,0.5,2,0.5,2,0.5,2,0,2
Q,523.4736877,El Maranon,0.4,70,0.1,70,0.051724138,58,0.078125,64,0.891304348,46,0.804347826,46,0.616666667,60,0.453125,64,0.647058824,68,0.833333333,66,0.454545455,66,0.537037037,54,0.589285714,56,0.390625,64,0.516129032,62,0.484848485,66,0.484848485,66,0.410714286,56,0.410714286,56,0.410714286,56,0.5,70,0.5,70,0.5,70,0.5,70,0.728571429,70,0.728571429,70,0.793103448,58,0.403225806,62,0.403225806,62,0.725806452,62,0.612903226,62,0.64516129,62,0.614285714,70,0.852941176,68,0.617647059,68,0.838235294,68,0.421875,64,0.84375,64,0.814285714,70,0.790322581,62,0.814285714,70,0.716666667,60,0.585714286,70,0.544117647,68,0.316666667,60,0.048387097,62,0.603448276,58,0.603448276,58,0.603448276,58,0.720588235,68,0.689655172,58,0.14516129,62,0.370967742,62,0.370967742,62,0.693548387,62,0.827586207,58,0.827586207,58,0.431034483,58,0.65625,64,0.65625,64,0.453125,64,0.611111111,54,0.611111111,54,0.611111111,54,0.651515152,66,0.651515152,66,0.651515152,66,0.642857143,70,0.666666667,48
R,532.7330199,La Corocita,0.5,4,0,4,0,4,0,4,0.75,4,1,4,0.5,2,1,4,0.75,4,1,4,1,4,0.75,4,0.5,4,0.5,4,1,4,0.75,4,0.75,4,0.5,4,0.5,4,0.5,4,0.5,4,0.5,4,0.5,4,0.5,4,1,4,1,4,0.75,4,0.75,4,0.75,4,0.75,4,0.75,4,0.75,4,0.75,4,1,4,1,4,1,4,0.5,4,1,4,0.75,4,1,4,1,4,0.5,4,1,4,1,4,1,2,0,4,1,4,1,4,1,4,0.75,4,1,4,0,2,0.25,4,0.25,4,1,4,1,4,1,4,0,2,1,4,1,4,1,4,1,4,1,4,1,4,1,4,1,4,1,4,1,4,0.5,4
S,552.6735903,Coclecito,0.5,4,0,4,0,4,0,4,1,4,1,4,0.75,4,0.5,4,0.5,4,1,4,0.5,4,0.25,4,1,4,1,4,1,4,0,2,0,2,0.75,4,0.75,4,0.75,4,0.75,4,0.75,4,0.75,4,0.75,4,0.5,4,0.5,4,1,4,0,4,0,4,1,4,1,2,1,2,1,4,0.75,4,0.5,4,1,2,0.5,4,1,4,0.75,4,0.75,4,0.5,4,1,4,1,4,0.75,4,0.5,2,0,4,0.5,4,0.5,4,0.5,4,0.5,4,1,4,0,4,0.75,4,0.75,4,1,4,1,4,1,4,1,2,1,4,1,4,0.5,4,1,4,1,4,1,4,0.75,4,0.75,4,0.75,4,0.75,4,0.5,4
U,578.0664676,Cienega de las Macanas,0.464285714,28,0,28,0,26,0,22,0.916666667,24,0.791666667,24,0.642857143,28,0.461538462,26,0.75,28,0.964285714,28,0.5,26,0.653846154,26,0.35,20,0.416666667,24,0.75,28,0.833333333,24,0.833333333,24,0.714285714,28,0.714285714,28,0.714285714,28,0.785714286,28,0.785714286,28,0.785714286,28,0.785714286,28,0.714285714,28,0.714285714,28,0.884615385,26,0.423076923,26,0.423076923,26,0.928571429,28,0.923076923,26,0.923076923,26,0.785714286,28,0.928571429,28,0.576923077,26,1,28,0.384615385,26,0.964285714,28,0.714285714,28,0.928571429,28,0.928571429,28,0.769230769,26,0.714285714,28,0.571428571,28,0.708333333,24,0.076923077,26,0.576923077,26,0.576923077,26,0.576923077,26,0.785714286,28,0.857142857,28,0,26,0.428571429,28,0.392857143,28,0.75,28,0.785714286,28,0.785714286,28,0.576923077,26,0.615384615,26,0.615384615,26,0.423076923,26,0.541666667,24,0.625,24,0.541666667,24,0.714285714,28,0.714285714,28,0.714285714,28,0.714285714,28,0.777777778,18
W,580.5758448,El Salado,0.75,12,0,12,0,10,0,12,0.7,10,0.2,10,0.9,10,0.833333333,12,0.833333333,12,1,12,0.583333333,12,0.5,10,0.75,8,0.75,12,0.7,10,0.333333333,6,0.333333333,6,0.166666667,6,0.166666667,6,0.166666667,6,0.333333333,12,0.333333333,12,0.333333333,12,0.333333333,12,0.75,12,0.75,12,1,12,0.5,8,0.5,8,0.916666667,12,0.8,10,0.8,10,0.666666667,12,1,12,0.833333333,12,1,12,0.666666667,12,1,12,0.916666667,12,1,12,0.916666667,12,0.583333333,12,0.666666667,12,0.75,12,0.3,10,0,12,0.666666667,12,0.666666667,12,0.666666667,12,0.833333333,12,0.916666667,12,0.166666667,12,0.666666667,12,0.666666667,12,0.583333333,12,0.916666667,12,0.916666667,12,0,4,0.583333333,12,0.583333333,12,0.5,12,0.5,10,0.7,10,0.5,10,0.583333333,12,0.583333333,12,0.583333333,12,0.583333333,12,0.8,10
X,581.138389,Puerto El Gago,0.291666667,24,0,24,0,18,0,20,0.909090909,22,0.636363636,22,0.583333333,24,0.681818182,22,0.666666667,24,0.916666667,24,0.625,24,0.714285714,14,0.954545455,22,0.708333333,24,0.454545455,22,0.6,20,0.6,20,0.541666667,24,0.541666667,24,0.541666667,24,0.5,24,0.5,24,0.5,24,0.5,24,0.791666667,24,0.791666667,24,0.791666667,24,0.375,24,0.375,24,0.833333333,24,0.875,24,0.875,24,0.791666667,24,0.958333333,24,0.458333333,24,1,24,0.625,24,0.75,24,0.875,24,0.875,24,0.875,24,0.583333333,24,0.541666667,24,0.416666667,24,0.4,20,0,24,0.863636364,22,0.863636364,22,0.863636364,22,0.75,24,0.916666667,24,0.181818182,22,0.25,24,0.25,24,0.85,20,0.85,20,0.85,20,0.388888889,18,0.666666667,24,0.666666667,24,0.375,24,0.428571429,14,0.5,14,0.428571429,14,0.541666667,24,0.541666667,24,0.541666667,24,0.541666667,24,0.6,20
Y,584.9298612,Quebro,0.333333333,24,0,24,0,20,0,22,0.875,16,1,16,0.727272727,22,0.333333333,24,0.791666667,24,1,24,0.458333333,24,0.681818182,22,0.3,20,0.45,20,0.772727273,22,0.416666667,24,0.416666667,24,0.291666667,24,0.291666667,24,0.291666667,24,0.291666667,24,0.291666667,24,0.291666667,24,0.291666667,24,0.833333333,24,0.791666667,24,0.9,20,0.5,18,0.5,18,0.875,24,0.909090909,22,0.909090909,22,0.75,24,0.666666667,24,0.590909091,22,1,24,0.636363636,22,0.727272727,22,0.916666667,24,0.65,20,0.708333333,24,0.4375,16,0.541666667,24,0.541666667,24,0.416666667,24,0,22,0.45,20,0.45,20,0.45,20,0.772727273,22,0.791666667,24,0.15,20,0.75,24,0.708333333,24,0.75,24,0.875,24,0.875,24,0.8,20,0.888888889,18,0.888888889,18,0.833333333,18,0.722222222,18,0.888888889,18,0.722222222,18,0.75,24,0.666666667,24,0.75,24,0.75,24,0.75,12
ZA,589.7294383,Cenegon del Mangle,0.5,2,0,2,NA,0,0,2,1,2,0.5,2,1,2,1,2,0.5,2,1,2,0,2,1,2,1,2,1,2,1,2,0.5,2,0.5,2,1,2,1,2,1,2,0.5,2,0.5,2,0.5,2,0.5,2,1,2,1,2,0.5,2,0,2,0,2,1,2,1,2,1,2,1,2,1,2,1,2,1,2,1,2,1,2,1,2,0.5,2,0.5,2,0,2,0.5,2,0.5,2,0,2,0,2,0.5,2,0.5,2,0.5,2,0.5,2,1,2,0,2,0,2,0,2,NA,0,NA,0,NA,0,NA,0,1,2,1,2,0,2,NA,0,NA,0,NA,0,0,2,0,2,0,2,0,2,1,2
ZB,590.0463452,Rosario,0.5,2,0,2,0,2,0,2,1,2,1,2,NA,0,0.5,2,1,2,1,2,1,2,1,2,NA,0,1,2,0,2,NA,0,NA,0,1,2,1,2,1,2,0.5,2,0.5,2,0.5,2,0.5,2,1,2,1,2,1,2,1,2,1,2,NA,0,NA,0,NA,0,1,2,1,2,1,2,1,2,NA,0,1,2,1,2,NA,0,1,2,0,2,1,2,1,2,1,2,0,2,1,2,1,2,1,2,1,2,1,2,0,2,0,2,0,2,0,2,1,2,1,2,0,2,0,2,0.5,2,0,2,NA,0,NA,0,NA,0,1,2,1,2,1,2,1,2,1,2
ZC,634.2217795,Gamboa,0.382352941,34,0,34,0,30,0,24,1,30,0.866666667,30,0.833333333,24,0.411764706,34,0.5,32,1,34,0.34375,32,0.666666667,30,0.8125,32,0.65625,32,0.633333333,30,0.264705882,34,0.264705882,34,0.34375,32,0.34375,32,0.34375,32,0.3125,32,0.3125,32,0.3125,32,0.3125,32,0.705882353,34,0.705882353,34,1,32,0.571428571,28,0.571428571,28,1,32,1,28,1,28,0.9375,32,0.941176471,34,0.735294118,34,1,32,0.576923077,26,0.823529412,34,0.794117647,34,0.875,32,0.970588235,34,0.5625,32,0.705882353,34,0.558823529,34,0.25,28,0,30,0.666666667,30,0.666666667,30,0.666666667,30,0.65625,32,1,32,0.0625,32,0.375,32,0.375,32,0.642857143,28,0.958333333,24,1,24,0.5,22,0.65625,32,0.6875,32,0.28125,32,0.3,20,0.6,20,0.3,20,0.5625,32,0.53125,32,0.5625,32,0.588235294,34,0.958333333,24
ZD,672.2232788,Tocumen,0.25,4,0,4,0,2,0,2,1,4,1,4,1,2,0.5,4,0.5,4,1,4,0.5,4,1,2,1,4,1,4,0.5,4,0,2,0,2,0,2,0,2,0,2,0.25,4,0.25,4,0.25,4,0.25,4,0.75,4,0.75,4,NA,0,0.5,4,0.5,4,1,4,1,2,1,2,1,4,1,4,0.75,4,1,2,0,2,1,2,0.75,4,0.5,4,0.75,4,1,2,0.75,4,0.5,4,0,2,0,4,0,2,0,2,0,2,0.75,4,1,4,0,4,0.5,4,0.5,4,0.5,4,1,4,1,4,0.5,2,0,2,0,2,0,2,NA,0,NA,0,NA,0,0.75,4,0,2,0.75,4,0.5,4,1,4
ZE,676.3256685,Pacora,1,2,0,2,0,2,0,2,1,2,1,2,0,2,0,2,1,2,1,2,0,2,0.5,2,0.5,2,0.5,2,0.5,2,0,2,0,2,0,2,0,2,0,2,0,2,0,2,0,2,0,2,1,2,1,2,1,2,1,2,1,2,1,2,1,2,1,2,1,2,1,2,1,2,1,2,1,2,0,2,1,2,1,2,1,2,1,2,0.5,2,0.5,2,0.5,2,0,2,1,2,1,2,1,2,1,2,1,2,0,2,0,2,0,2,1,2,1,2,1,2,0.5,2,0,2,0,2,0,2,0.5,2,0.5,2,0.5,2,1,2,1,2,1,2,1,2,1,2
ZG,840.8756274,Aruza Abajo,0.535714286,28,0,28,0,24,0,26,0.75,20,0.85,20,0.653846154,26,0.821428571,28,0.714285714,28,1,26,0.846153846,26,0.5,28,0.954545455,22,0.769230769,26,0.666666667,24,0.392857143,28,0.392857143,28,0.545454545,22,0.545454545,22,0.545454545,22,0.464285714,28,0.464285714,28,0.464285714,28,0.464285714,28,0.642857143,28,0.642857143,28,1,24,0.916666667,24,0.916666667,24,1,26,0.928571429,28,1,28,0.857142857,28,0.785714286,28,0.538461538,26,0.923076923,26,0.75,28,0.892857143,28,0.714285714,28,0.607142857,28,0.857142857,28,0.458333333,24,0.75,28,0.678571429,28,0.181818182,22,0,20,0.678571429,28,0.678571429,28,0.678571429,28,0.884615385,26,0.964285714,28,0.035714286,28,0.5,28,0.464285714,28,0.884615385,26,1,26,1,26,0.541666667,24,0.727272727,22,0.727272727,22,0.590909091,22,0.454545455,22,0.772727273,22,0.454545455,22,0.821428571,28,0.821428571,28,0.821428571,28,0.785714286,28,0.692307692,26